junction_aa,v_call,d_call,j_call,sequence_id,sequence,locus,stop_codon,vj_in_frame,productive,rev_comp,junction
CGTWDSSLSALVF,IGLV1-51*01,,IGLJ3*02,89,AAGGTCACCATCTCCTGCTCTGGAAGCAGCTCCAACATTGGGAATAATTATGTATCCTGGTACCAGCAGCTCCCAGGAACAGCCCCCAAACTCCTCATTTATGACAATAATAAGCGACCCTCAGGGATTCCTGACCGATTCTCTGGCTCCAAGTCTGGCACGTCAGCCACCCTGGGCATCACCGGACTCCAGACTGGGGACGAGGCCGATTATTACTGCGGAACATGGGATAGCAGCCTGAGTGCGTTGGTGTTCGGCGGAGGGACCAAGCTGACCGTCCTAG,IGL,F,T,T,F,TGCGGAACATGGGATAGCAGCCTGAGTGCGTTGGTGTTC
CGTWDSSLSANVF,IGLV1-51*01,,IGLJ6*01,90,AAGGTCACCATCTCCTGCTCTGGAAGCAGCTCCAACATTGGGAATAATTATGTATCCTGGTACCAGCAGCTCCCAGGAACAGCCCCCAAACTCCTCATTTATGACAATAATAAGCGACCCTCAGGGATTCCTGACCGATTCTCTGGCTCCAAGTCTGGCACGTCAGCCACCCTGGGCATCACCGGACTCCAGACTGGGGACGAGGCCGATTATTACTGCGGAACATGGGATAGCAGCCTGAGTGCTAATGTGTTCGACAGTGGCACCAAGGTGACCGTCCTCG,IGL,F,T,T,F,TGCGGAACATGGGATAGCAGCCTGAGTGCTAATGTGTTC
CGTWDSSLSARGYVF,IGLV1-51*01,,IGLJ1*01,91,AAGGTCACCATCTCCTGCTCTGGAAGCAGCTCCAACATTGGGAATAATTATGTATCCTGGTACCAGCAGCTCCCAGGAACAGCCCCCAAACTCCTCATTTATGACAATAATAAGCGACCCTCAGGGATTCCTGACCGATTCTCTGGCTCCAAGTCTGGCACGTCAGCCACCCTGGGCATCACCGGACTCCAGACTGGGGACGAGGCCGATTATTACTGCGGAACATGGGATAGCAGCCTGAGTGCTAGGGGTTATGTCTTCGGAACTGGGACCAAGGTCACCGTCCTAG,IGL,F,T,T,F,TGCGGAACATGGGATAGCAGCCTGAGTGCTAGGGGTTATGTCTTC
CGTWDSSLSAHVVF,IGLV1-51*01,,"IGLJ2*01,IGLJ3*01",92,AAGGTCACCATCTCCTGCTCTGGAAGCAGCTCCAACATTGGGAATAATTATGTATCCTGGTACCAGCAGCTCCCAGGAACAGCCCCCAAACTCCTCATTTATGACAATAATAAGCGACCCTCAGGGATTCCTGACCGATTCTCTGGCTCCAAGTCTGGCACGTCAGCCACCCTGGGCATCACCGGACTCCAGACTGGGGACGAGGCCGATTATTACTGCGGAACATGGGATAGCAGCCTGAGTGCTCATGTGGTATTCGGCGGAGGGACCAAGCTGACCGTCCTAG,IGL,F,T,T,F,TGCGGAACATGGGATAGCAGCCTGAGTGCTCATGTGGTATTC
CGTWDSSLSARVF,IGLV1-51*01,,IGLJ3*02,93,AAGGTCACCATCTCCTGCTCTGGAAGCAGCTCCAACATTGGGAATAATTATGTATCCTGGTACCAGCAGCTCCCAGGAACAGCCCCCAAACTCCTCATTTATGACAATAATAAGCGACCCTCAGGGATTCCTGACCGATTCTCTGGCTCCAAGTCTGGCACGTCAGCCACCCTGGGCATCACCGGACTCCAGACTGGGGACGAGGCCGATTATTACTGCGGAACATGGGATAGCAGCCTGAGTGCTCGGGTGTTCGGCGGAGGGACCAATCTGACCGTCCTAG,IGL,F,T,T,F,TGCGGAACATGGGATAGCAGCCTGAGTGCTCGGGTGTTC
CGTWDSSLSAEVF,IGLV1-51*01,,IGLJ1*01,94,AAGGTCACCATCTCCTGCTCTGGAAGCAGCTCCAACATTGGGAATAATTATGTATCCTGGTACCAGCAGCTCCCAGGAACAGCCCCCAAACTCCTCATTTATGACAATAATAAGCGACCCTCAGGGATTCCTGACCGATTCTCTGGCTCCAAGTCTGGCACGTCAGCCACCCTGGGCATCACCGGACTCCAGACTGGGGACGAGGCCGATTATTACTGCGGAACATGGGATAGCAGCCTGAGTGCTGAAGTCTTCGGAACTGGGACCAAGGTCACCGTCCTAG,IGL,F,T,T,F,TGCGGAACATGGGATAGCAGCCTGAGTGCTGAAGTCTTC
CGTWDSSLSAEGS,IGLV1-51*01,,IGLJ3*02,95,AAGGTCACCATCTCCTGCTCTGGAAGCAGCTCCAACATTGGGAATAATTATGTATCCTGGTACCAGCAGCTCCCAGGAACAGCCCCCAAACTCCTCATTTATGACAATAATAAGCGACCCTCAGGGATTCCTGACCGATTCTCTGGCTCCAAGTCTGGCACGTCAGCCACCCTGGGCATCACCGGACTCCAGACTGGGGACGAGGCCGATTATTACTGCGGAACATGGGATAGCAGCCTGAGTGCTGAGGGTTCGGCGGAGGGACCAAGCTGACCGTCCTAG,IGL,T,F,F,F,TGCGGAACATGGGATAGCAGCCTGAGTGCTGAGGGTTC
CGTWDSSLSAEVF,IGLV1-51*01,,"IGLJ2*01,IGLJ3*01",96,AAGGTCACCATCTCCTGCTCTGGAAGCAGCTCCAACATTGGGAATAATTATGTATCCTGGTACCAGCAGCTCCCAGGAACAGCCCCCAAACTCCTCATTTATGACAATAATAAGCGACCCTCAGGGATTCCTGACCGATTCTCTGGCTCCAAGTCTGGCACGTCAGCCACCCTGGGCATCACCGGACTCCAGACTGGGGACGAGGCCGATTATTACTGCGGAACATGGGATAGCAGCCTGAGTGCTGAGGTATTCGGCGGAGGGACCAAGCTGACCGTCCTAG,IGL,F,T,T,F,TGCGGAACATGGGATAGCAGCCTGAGTGCTGAGGTATTC
CGTWDSSLSAEVF,IGLV1-51*01,,IGLJ3*02,97,AAGGTCACCATCTCCTGCTCTGGAAGCAGCTCCAACATTGGGAATAATTATGTATCCTGGTACCAGCAGCTCCCAGGAACAGCCCCCAAACTCCTCATTTATGACAATAATAAGCGACCCTCAGGGATTCCTGACCGATTCTCTGGCTCCAAGTCTGGCACGTCAGCCACCCTGGGCATCACCGGACTCCAGACTGGGGACGAGGCCGATTATTACTGCGGAACATGGGATAGCAGCCTGAGTGCTGAGGTGTTCGGCGGAGGGACCAAGCTGACCGTCCTAG,IGL,F,T,T,F,TGCGGAACATGGGATAGCAGCCTGAGTGCTGAGGTGTTC
CGTWDSSLSADWVF,IGLV1-51*01,,IGLJ3*02,98,AAGGTCACCATCTCCTGCTCTGGAAGCAGCTCCAACATTGGGAATAATTATGTATCCTGGTACCAGCAGCTCCCAGGAACAGCCCCCAAACTCCTCATTTATGACAATAATAAGCGACCCTCAGGGATTCCTGACCGATTCTCTGGCTCCAAGTCTGGCACGTCAGCCACCCTGGGCATCACCGGACTCCAGACTGGGGACGAGGCCGATTATTACTGCGGAACATGGGATAGCAGCCTGAGTGCTGATTGGGTGTTCGGCGGAGGGACCAAGCTGACCGTCCTAG,IGL,F,T,T,F,TGCGGAACATGGGATAGCAGCCTGAGTGCTGATTGGGTGTTC
CGTWDSSLSAANWVF,IGLV1-51*01,,IGLJ3*02,99,AAGGTCACCATCTCCTGCTCTGGAAGCAGCTCCAACATTGGGAATAATTATGTATCCTGGTACCAGCAGCTCCCAGGAACAGCCCCCAAACTCCTCATTTATGACAATAATAAGCGACCCTCAGGGATTCCTGACCGATTCTCTGGCTCCAAGTCTGGCACGTCAGCCACCCTGGGCATCACCGGACTCCAGACTGGGGACGAGGCCGATTATTACTGCGGAACATGGGATAGCAGCCTGAGTGCTGCCAATTGGGTGTTCGGCGGAGGGACCAAGCTGACCGTCCTAG,IGL,F,T,T,F,TGCGGAACATGGGATAGCAGCCTGAGTGCTGCCAATTGGGTGTTC
CGTWDSGLSAYVF,IGLV1-51*01,,IGLJ1*01,0,AAAATCACCATCTCCTGTTCTGGAAGCAGCTCCAACATTGGGAATAATTATGTATCCTGGTACCAGCAGCTCCCAGGAACAGCCCCCAAACTCCTCATTTATGACAATAATAAGCGACCCTCAGGGATTCCTGACCGATTCTCTGGCTCCAAGTCTGGCACGTCAGCCACCCTGGGCATCACCGGACTCCAGACTGGGGACGAGGCCGATTATTATTGCGGAACATGGGATAGCGGCCTGAGTGCTTATGTCTTCGGAACTGGGACCAAGGTCACCGTCCTAG,IGL,F,T,T,F,TGCGGAACATGGGATAGCGGCCTGAGTGCTTATGTCTTC
CGTWDDRLSAGVF,IGLV1-51*01,,"IGLJ2*01,IGLJ3*01",1,AAAGTCACCATCTCCTGCTCTGGAAACAGCTCCAACATTGGGGATAATTTTGTATCGTGGTACCAGCAGCTCCCAGGAACAGCCCCCAAACTCCTCATTTATGACAATAATAACCGACCCTCAGGGATTCCTGACCGATTCTCTGGCTCCAGGTCTGGCACGTCAGCCACCCTGGGCATCACCGGACTCCAGACTGGGGACGAGGCCGATTATTACTGCGGAACATGGGATGACCGCCTGAGTGCTGGGGTATTCGGCGGAGGGACCAAGCTGACCGTCCTAG,IGL,F,T,T,F,TGCGGAACATGGGATGACCGCCTGAGTGCTGGGGTATTC
CCGFS,IGLV2-5*01,,IGLJ3*02,2,AACCAACAGTGATGTTGGGAGTTATGACTATGTCTCCTGTTACCAACAACACCCAGGCACAGTCCCCAGACCCATGATCTACGATGTCAATCCTCAGCCCTCAGGGGTCCCTGATCGTTTCTCTGGCTCCAGGTCTGGCAATCCGGCCTCCATGACCATCTCTGGACTCCAGGCTGAGGACGAGGCTGATTATTAGTGCTGTGGGTTTTCGGCGGAGGGACCAAGCTGACCGTCCTAGGTCAGCCCAAGGCTGCCCCCTCG,IGL,T,F,F,F,TGCTGTGGGTTTTC
VGCS,IGLV2-11*03,,IGLJ3*02,3,AACCAACAGTGATTTTGGTTGTTATAATTATGTCTCCTGGTACCAACAACACCCAGGCAAAGCCCCCAAACTCATTATTTATGATGTCACTAAGCGGCCCGCAGGGGTCCCGGATCGCTTCTCTGGCTCCAAGTCTGGCAACACGGCCTCGCTGACCATCTCTGGGCTCCAGGCTGAGGATGAGGCAGACGCTACCGTTGGGTGTTCGGCGGAGGGACCAAGCTGACCGTCCTGCGTCAGCCCAAGGCTGCCCCCTCG,IGL,T,F,F,F,GTTGGGTGTTC
CCVGV,IGLV2-11*03,,IGLJ3*02,4,AACCACTAGTAATGTTGGTACTTATAACTATGTCTCCTGGTACCAAGTATACCCAGGCAAAGCCCCCAAACTCATGATTTATGATGTTTATCACCGGCCCTCAGGGGTCCCTGATCGCTTCTCTGGCTCCAAGTCTGGCAACACGGCCTCCCTGACCATCTCTGGGCTCCAGGTTGAAGATGAGGCTGATTATTACTGCTGCGTGGGTGTTCGGCGGAGGGACCAAGCTGACCGTCCTAGGTCAGCCCAAGGCTGCCCCCTCG,IGL,F,F,F,F,TGCTGCGTGGGTGTTC
VGSS,IGLV2-14*03,,IGLJ1*01,5,AACCAGCAGTGACGTTGGTGGTCATAACTATGTCTCCTGGTACCAACAACACCCAGGCAAAGCCCCCAAAGTCATGATTTATGATGTCAGTAATCGGCCCTCAGGGGTTTCTAATCGCTTCTCTGGCTCCAAGTCTGGCAAGACGGCCTCCCTGACCATCTCTGGGCTCCAGGCTGAGGACGAGGCTGATTCAGCAGTGGGGTCTTCGGAACTGGGACCAAGGTCACCGTCCTAAGTCAGCCCAAGGCCAACCCCACT,IGL,F,F,F,F,GTGGGGTCTTC
CPWVF,IGLV2-14*03,,IGLJ3*02,6,AACCAGCAGTGACGTTGGTGGTTATAACTATGTCTCCTGGTACCAACAACACCCAGGCAAAGCCCCCAAACTCATGATTTATGATGTCGGTAATCGGCCCTCAGGGGTTTCTAATCGCTTCTCTGGCTCCAAGTCTGGCAACACGGCCTCCCTGACCATCTCTGGGCTCCAGGCTGAGGACGAGGCTGATTATTACTGCCCCTGGGTGTTCGGCGGAGGGACCAAGCTGACCGTCCTAGGTCAGCCCAAGGCTGCCCCCTCG,IGL,F,T,T,F,TGCCCCTGGGTGTTC
CLGV,IGLV2-5*01,,IGLJ3*02,7,AACCAGCAGTGACGTTGGTGGTTATAACTATGTCTCCTGGTACCAACAGCACCCAGGCAAAGCCCCCAAACTCATGATTTACAATGTCAATACTCAGCCCTCAGGGGTCCCTGATCGTTTCTCTGGCTCCAAGTCTGGCAATACGGCCTCCATGACCATCTCTGGACTCCAGGCTGAGGACGAGGCTGATTATTAGTGCTTGGGTGTTCGGCGGAGGGACCAAGCTGACCGTCCTAGGTCAGCCCAAGGCTGCCCCCTCG,IGL,T,F,F,F,TGCTTGGGTGTTC
SLWCS,IGLV2-14*03,,IGLJ3*02,8,AACCAGCAGTGACGTTGGTGGTTATTACTATGTCTCCTGGTACCAACAACACCCAGGCAAAGCCCCCAAACTCATGATTTATGAAGTCAGTAATCGGCCCTCAGGGGTTTCTAATCGCTTCTCTGGCTCCAAGTCTGGCAACACGGCCTCCCTGACCATCTCTGGGCTCCAGGCTGAGGACGAGGCTGATCATTACTCACTCTGGTGTTCGGCGGAGGGACCAAGCTGACCGTCCTAAGTCAGCCCAAGGCTGCCCCCTCG,IGL,T,F,F,F,TCACTCTGGTGTTC
CWDI,IGLV2-11*03,,"IGLJ2*01,IGLJ3*01",9,AACCAGCAGTGAGGTTGGTGGTTATGACTTTGTCTCCTGGTACCAACAATTCCCAGGCAAAGCCCCCAAACTGATAATTTATGATGTCGGTGAGCGGCCCTCAGGGGTCCCTCATCGCTTCTCTGACTCCAAGTCTGGCAACACGGCCTCCCTGACCATCTCTGGGCTCCAGGCTGAGGATGAGGCTGATTATTACTGCTGGGATATTCGGCGGAGGGACCAAGCTGACCGTCCTACGTCAGCCCAAGGCTGCCCCCTCG,IGL,F,F,F,F,TGCTGGGATATTC
CWDI,IGLV2-11*03,,"IGLJ2*01,IGLJ3*01",10,AACCAGCAGTGAGGTTGGTGGTTATGACTTTGTCTCCTGGTACCAACAATTCCCAGGCAAAGCCCCCAAACTGATAATTTATGATGTCGGTGAGCGGCCCTCAGGGGTCCCTCATCGCTTCTCTGGCTCCAAGTCTGGCAACACGGCCTCCCTGACCATCTCTGGGCTCCAGGCTGAGGATGAGGCTGATTATTACTGCTGGGATATTCGGCGGAGGGACCAAGCTGACCGTCCTACGTCAGCCCAAGGCTGCCCCCTCG,IGL,F,F,F,F,TGCTGGGATATTC
C*LGV,"IGLV2-11*01,IGLV2-11*03",,IGLJ3*02,11,AACCAGCAGTGATGTCGGTGCTTATAATTTTGTCTCCTGGTACCAACATCACCCAGGCAAAGCCCCCAAACTCATGATTTATGATGTTAATAAGTGGCCCTCAGGGGTCCCTGATCGCTTCTCTGGCTCCAAGTCTGGCAACACGGCCTCCCTGACCATCTCTGGGCTCCAGGCTGAGGATGAGGCTGATTATTACTGCTAATTGGGTGTTCGGCGGAGGGACCAAGGTGACCGTCCTAGGTCAGCCCAAGGCTGCCCCCTCG,IGL,T,F,F,F,TGCTAATTGGGTGTTC
CCSYTSSATLWVF,IGLV2-5*01,,IGLJ3*02,12,AACCAGCAGTGATGTTGGGAGTTATGACTATGTCTCCTGGTACCAACAGCACCCAGGCACAGTCCCCAAACCCATGATCTACAATGTCAATACTCAGCCCTCAGGGGTCCCTGATCGTTTCTCTGGCTCCAAGTCTGGCAATACGGCCTCCATGACCATCTCTGGACTCCAGGCTGAGGACGAGGCTGATTATTAGTGCTGCTCATATACAAGCAGTGCCACTCTTTGGGTGTTCGGCGGAGGGACCAAGCTGACCGTCCTAGGTCAGCCCAAGGCTGCCCCCTCG,IGL,T,T,F,F,TGCTGCTCATATACAAGCAGTGCCACTCTTTGGGTGTTC
CCWVF,IGLV2-5*01,,IGLJ3*02,13,AACCAGCAGTGATGTTGGGAGTTATGACTTTGTCTCCTGGTACCAACGACACCCAGGCACAGTCCCCAAATCCATGATCTACAATGTCACTACTCAGCCCTCAGGGGTCCCTGATCGTTTCTCTGGCTCCAAGTCTGGCAATACGGCCTCCATGACCATCTCTGGACTCCAGGCTGAGGACGAGACTGATTATTAGTGCTGCTGGGTGTTCGGCGGAGGGACCAAGCTGACCGTCCTGGGTCAGCCCAAGGCTGCCCCCTCG,IGL,T,T,F,F,TGCTGCTGGGTGTTC
C*CGI,IGLV2-11*03,,"IGLJ2*01,IGLJ3*01",14,AACCAGCAGTGATGTTGGTAATTATAACTATGTCTCCTGGTACCAACAACACCCAGGCAAAGCCCCCAAACTCATGATTTATGATGTCAGTAAGCGGCCCTCAGGGGTCCCTGATCGCTTCTCTGGCTCCAAGTCTGGCAACACGGCCTCCCTGACCATCTCTGGGCTCCAGGCTGAGGATGAGGCTGATTATTACTGCTGATGTGGTATTCGGCGGAGGGACCATGCTGACCGTCCTAGGTCAGCCCAAGGCTGCCCCCTCG,IGL,T,F,F,F,TGCTGATGTGGTATTC
C*CGI,IGLV2-11*03,,"IGLJ2*01,IGLJ3*01",15,AACCAGCAGTGATGTTGGTAATTATAACTATGTCTCCTGGTACCAACAACACCCAGGCAAAGCCCCCAAACTCATGATTTATGATGTCAGTAAGCGGCCCTCAGGGGTCCCTGATCGCTTCTCTGGCTCCAAGTCTGGCAACACGGCCTCCCTGACCATCTCTGGGCTCCAGGCTGAGGATGAGGCTGATTATTACTGCTGATGTGGTATTCGGCGGAGGGACCATGCTGACCGTCCTAGGTCAGCCCAAGGCTGCCCCTCGG,IGL,T,F,F,F,TGCTGATGTGGTATTC
TGL,"IGLV2-11*01,IGLV2-11*03",,IGLJ1*01,16,AACCAGCAGTGATGTTGGTGGTTACAACTATGTCTCCTGGTACCAACACCACGCAGGCAAAGCCCCCAAACTCATGATTTATGAAGTCAATAAGCGGCCCTCAGGGGTCCCTGATCGCTTCTCTGGCTCCAAGTCTGGCAACACGGCCTCCCTGACCATCTCTGGGCTCCAGGTTGAAGATGAGGCTGATCATTACACGGGTCTTCGGAACTGGGACCGAGGTCACCGTCCTAGGTCAGCCCAAGGCCAACCCCACT,IGL,F,F,F,F,ACGGGTCTTC
CCGI,IGLV2-11*03,,"IGLJ2*01,IGLJ3*01",17,AACCAGCAGTGATGTTGGTGGTTATAACTATGTCTCCTGGTACCAACAACACCCAGGCAAAGCCCCCAAACTCATGATTCATGATGTCAGTAAGCGGCCCTCAGGGGTCCCTGATCGCTTCTCTGGCTCCAAGTCTGGCAACACGGCCTCCCTGACCATCTCTGGGCTCCAGGCTGAGGATGAGGCTGATTATTACTGCTGCGGTATTCGGCGGAGGGACCAAGCTGACCGTCCTAGGTCAGCCCAAGGCTGCCCCCTCG,IGL,F,F,F,F,TGCTGCGGTATTC
C*LGV,IGLV2-11*03,,IGLJ3*02,18,AACCAGCAGTGATGTTGGTGGTTATAACTATGTCTCCTGGTACCAACAACACCCAGGCAAAGCCCCCAAACTCATGATTTATGATGTCAGTAAGCGGCCCTCAGGGGTCCCTGATCGCTTCTCTGGCTCCAAGTCTGGCAACACGGCCTCCCTGACCATCTCTGGGCTCCAGGCTGAGGATGAGGCTGATTATTACTGCTAATTGGGTGTTCGGCGGAGGGACCAAGCTGACCGTCCTAGGTCAGCCCAAGGCTGCCCCCTCG,IGL,T,F,F,F,TGCTAATTGGGTGTTC
CWAGV,IGLV2-11*03,,IGLJ3*02,19,AACCAGCAGTGATGTTGGTGGTTATAACTATGTCTCCTGGTACCAACAACACCCAGGCAAAGCCCCCAAACTCATGATTTATGATGTCAGTAAGCGGCCCTCAGGGGTCCCTGATCGCTTCTCTGGCTCCAAGTCTGGCAACACGGCCTCCCTGACCATCTCTGGGCTCCAGGCTGAGGATGAGGCTGATTATTACTGCTGGGCGGGTGTTCGGCGGAGGGACCAAGCTGACCGTCCTAGGTCAGCCCAAGGCTGCCCCCTCG,IGL,F,F,F,F,TGCTGGGCGGGTGTTC
CCLGV,IGLV2-11*03,,IGLJ3*02,20,AACCAGCAGTGATGTTGGTGGTTATAACTATGTCTCCTGGTACCAACAACACCCAGGCACAGCCCCCAAACTCATGATTTATGATGTCAATAAGCGGCCCTCAGGGGTCCCTGATCGCTTCTCTGGCTCCAAGTCTGACAACACGGCCTCCCTGACCATCTCTGGGCTCCAGGCTGAGGATGAGGCTGATTATTACTGCTGCCTGGGTGTTCGGCGGAGGGACCAAGCTGACCGTCCTAGGTCAGCCCAAGGCTGCCCCCTCG,IGL,F,F,F,F,TGCTGCCTGGGTGTTC
CWGV,IGLV2-11*03,,IGLJ3*02,21,AACCAGCAGTGATGTTGGTGGTTATAACTATGTCTCCTGGTACCAACAACCCCCAGGCAAAGCCCCCAAACTCATGATTTATGATGTCAGTAAGCGGCCCTCAGGGGTCCCTGATCGCTTCTCTGGCTCCAAGTCTGGCAACACGGCCTCCCTGACCATCTCTGGGCTCCAGGCTGAGGATGAGGCTGATTATTACTGCTGGGGTGTTCGGCGGAGGGACCAAGCTGACCGTCCTAGGTCAGCCCAAGGCTGCCCCCTCG,IGL,F,F,F,F,TGCTGGGGTGTTC
CCCV,IGLV2-11*03,,IGLJ3*02,22,AACCAGCAGTGATGTTGGTGGTTATAACTATGTCTCCTGGTACCAACAACTCCCAGGCAAAGCCCCCAAACTCATGATTTATGATGTCAGTAAGAGGCCCTCAGGGGTCCCTGATCGCTTCTCTGGCTCCAAGTCTGGCAACACGGCCTCCCTGACCATCTCTGGGCTCCAGGTTGAGGATGAGGCTGATTATTACTGCTGCTGTGTTCGGCGGAGGGACCAAGCTGACCGTCCTAGGTCAGCCCAAGGCTGCCCCCTCG,IGL,F,F,F,F,TGCTGCTGTGTTC
CSCL,IGLV2-11*01,,IGLJ1*01,23,AACCAGCAGTGATGTTGGTGGTTATAACTATGTCTCCTGGTACCAACAGCACCCAGGCAAAGCCCCCAAACTCATGATTTATGATGTCAGTAAGCGGCCCTCGGGGGTCCCTGATCGCTTCTCTGGCTCCAAGTCCGGCAACACGGCCTCCCTGACCATCTCTGGGCTCCAGGCTGAGGACGAGGCTGATTATTACTGCAGCTGTCTTCGGAACTGGGACCAAGGTCACCGTCCTAGGTCAGCCCAAGGCCAACCCCACT,IGL,F,F,F,F,TGCAGCTGTCTTC
CWGI,IGLV2-11*03,,"IGLJ2*01,IGLJ3*01",24,AACCAGCAGTGATGTTGGTGGTTATAACTATGTCTCCTGGTACCAGCAACACCCAGGCAAAGCCCCCAAACTCATGATTTATGATGTCAGTAAGCGGCCCTCAGGGGTCCCTGATCGCTTCTCTGGCTCCAAGTCTGGCAACACGGCCTCCCTGACCATCTCTGGGCTCCAGGCTGAGGATGAGGCTGATTATTTCTGCTGGGGTATTCGGCGGAGGGACCAAGCTGACCGTCCTAGGTCAGCCCAAGGCTGCCCCCTCG,IGL,F,F,F,F,TGCTGGGGTATTC
C*CL,"IGLV2-11*01,IGLV2-11*03",,IGLJ1*01,25,AACCAGCAGTGATGTTGGTGGTTATAAGTATGTCTCCTGGTACCAACACCACCCAGGCGAAGCCCCCAAACTCATGATTTACGATGTCAGTAAGCGGCCCTCAGGGGTCCCTGATCGCTTCTCTGGCTCCAAGTCTGGCAACACGGCCTCCCTGACCATCTCTGGGCTCCAGGCTGAGGATGAGGCTGATTATTATTGCTGATGTCTTCGGAACTGGGACCAAGGTCACCGTCCTGGGTCAGCCCAAGGCCAACCCCACT,IGL,T,F,F,F,TGCTGATGTCTTC
CWLCL,IGLV2-11*03,,IGLJ1*01,26,AACCAGCAGTGATGTTGTTGGTTATAACTATGTCTCCTGGTATCAACAACACCCAGGCAAAGCCCCCAAACTCATGATTTATGATGTCAGTAAGCGGCCCTCAGGGGTCCCTGATCGCTTCTCTGGCTCCAAGACTGACAACACGGCCTCCCTGACCATCTCTGGGCTCCAGGCTGAGGATGAGGCTGATTATTACTGCTGGTTATGTCTTCGGAACTGGGACCAAGGTCACCGTCCTAGGTCAGCCCAAGGCCAACCCCACT,IGL,F,F,F,F,TGCTGGTTATGTCTTC
CWGV,IGLV2-11*03,,IGLJ3*02,27,AACCAGCATTGATGTTAGTGGTTATAACTATGTCTCCTGGTACCAACAACACCCAGGCAAAGCCCCCAAACTCATTATTTATGATGTCACTAAGCGGCCCTCAGGGGTCCCTGATCGCTTCTCTGGCTCCAGGTCTGGCAACACGGCCTCCCTGACCATCTCTGGGCTCCAGGCTGAGGATGAGGCTGATTATTACTGCTGGGGTGTTCGGCGGAGGGACCAAGCTGACCGTCCTAGGTCAGCCCAAGGCTGCCCCCTCG,IGL,F,F,F,F,TGCTGGGGTGTTC
GGP,IGLV2-11*03,,"IGLJ2*01,IGLJ3*01",28,AACCAGTAGTGATTTTGGTGCTGATGCCTTTGTCTCCTGGTACCAACAATACCCCGACAAAGCCCCCAAACTCATAATTTATGATGTCAGTAAGCGGTCCTCAGGTGTCCCTGATCGCTTCTCTGGCTCCAAGTCTGCCAACTCGGCCTCCCTGACCATCTCTGGACTCCAGGCTGAAGATGAGGCTGATTATAAAGGTGGTCCTCGGCGGAGTGACCAAGTTGACCGTCCTGGGTCAGCCCAAGGCTGCCCCCTCG,IGL,F,F,F,F,GGTGGTCCTC
GCS,IGLV2-5*01,,IGLJ3*02,29,AACCTGCAGTGATGTTGGGACTTATGACTATGTCTCCTGTTACCAACATCACCCAGGCACAGTCCCCAAACCCATGATCTACAATGTCAATACTCAGCCCTCAGGGGTCCCTGATCGTTTCTCTGGCTCCAAGTCTGGCAATACGGCCTCCATGACCATCTCTGGACTCCAGGCTGAGGACGAGGCTGATTATGTTGGGTGTTCGGCGGAGGGACCAAGCTGACCGTCCTAGGTCAGCCCAAGGCTGCCCCCTCG,IGL,T,F,F,F,GGGTGTTC
CAAWDDSLSAPWVF,IGLV1-47*01,,IGLJ3*02,30,AAGATCACCATCTCTTGTTCTGGAAGCACCTCCAACATCGGAAATAATCATGTATACTGGTACCAACAGCTCCCTGGAACGGCCCCCAAACTCCTCATCTATACGACTAATCAGCGGCCCTCAGGGGTCCCTGACCGATTCTCTGGCTCCAAGTCCGGCACCTCAGCCTCCCTGGCCATCACTGGACTCCGGTCCGAGGATGAGGCTGATTATTACTGTGCAGCATGGGATGACAGCCTGAGTGCCCCTTGGGTGTTCGGCGGAGGGACCAAGGTGACCGTCCTAG,IGL,F,T,T,F,TGTGCAGCATGGGATGACAGCCTGAGTGCCCCTTGGGTGTTC
CICL,IGLV2-14*03,,IGLJ1*01,31,AAGCAGCAGTGACATTGGTGGTTATGACTATGTCTCCTGGTACCAACAACACCCAGGCAAAGCCCCCAAACTCATGATTTTTGAAGTCAGAAATCGGCCCTCAGGGGTTTCTAGTCGCTTCTCTGGCTCCAAGTCTGGCAACACGGCCTCCCTGACCATCTCTGGGCTCCAGGCTGAGGACGAGGCTGAATATTATTGCATATGTCTTCGGAACTGGGACCACGGTCACCGTCCTAGGTCAGCCCAAGGCCAACCCCACT,IGL,F,F,F,F,TGCATATGTCTTC
CWDV,IGLV2-11*03,,IGLJ3*02,32,AAGCAGCAGTGATGTTGGTGGTTATAACTATATCTCCTGGTACCAACAACACCCAGACAAAGCCCCCAAACTCATCATTTATGATGTCAGTAAGCGGCCCTCAGGTCTCTCTGATCGCTTCTCTGGCTCCAAGTCTGGCAACACGGCCTCCCTGACCATCTCTGGGCTCCAGACGGAGGATGAGGCTGATTATTACTGCTGGGATGTTCGGCGGAGGGACCAAGCTGACCGTCCTACGTCAGCCCAAGGCTGCCCCCTCG,IGL,F,F,F,F,TGCTGGGATGTTC
CWDV,"IGLV2-11*01,IGLV2-11*03",,IGLJ3*02,33,AAGCAGCAGTGATGTTGGTGGTTATAACTATATCTCCTGGTACCAACACCACCCAGACAAAGCCCCCAAACTCATCATTTATGATGTCAGTAAGCGGCCCTCAGGTCTCTCTGATCGCTTCTCTGGCTCCAAGTCTGGCAACACGGCCCCCCTGACCATCTCTGGGCTCCAGACGGAGGATGAGGCTGATTATTACTGCTGGGATGTTCGGCGGAGGGACCAAGCTGACCGTCCTACGTCGGCCCAAGGCTGCCCCTCGG,IGL,F,F,F,F,TGCTGGGATGTTC
CWDV,"IGLV2-11*01,IGLV2-11*03",,IGLJ3*02,34,AAGCAGCAGTGATGTTGGTGGTTATAACTATATCTCCTGGTACCAACACCACCCAGGCAAAGCCCCCAAACTCATCATTTATGACGTCAGTAAGCGGCCCTCAGGTCTCTCTGATCGCTTCTCTGGCTCCAAGTCTGGCAACACGGCCTCCTTGACCATCTCTGGGCTCCAGACGGAGGATGAGGCTGATTATTACTGCTGGGATGTTCGGCGGAGGGACCAAGCTGACCGTCCTACGTCAGCCCAAGGCTGCCCCCTCG,IGL,F,F,F,F,TGCTGGGATGTTC
CGTWDSSLSAGRVF,IGLV1-51*01,,IGLJ3*02,35,AAGGTCACCACCTCCTGCTCTGGAAGCAGCTCCAACATTGGGAATAATTATGTATCCTGGTACCAGCAGCTCCCAGGAACAGCCCCCAAACTCCTCATTTATGACAATAATAAGCGACCCTCAGGGATTCCTGACCGATTCTCTGGCTCCAAGTCTGGCACGTCAGCCACCCTGGGCATCACCGGACTCCAGACTGGGGACGAGGCCGATTATTACTGCGGAACATGGGATAGCAGCCTGAGTGCTGGCCGGGTGTTCGGCGGAGGGACCAAGCTGACCGTCCTAG,IGL,F,T,T,F,TGCGGAACATGGGATAGCAGCCTGAGTGCTGGCCGGGTGTTC
CGTWDSSLSAGVF,IGLV1-51*01,,IGLJ3*02,36,AAGGTCACCATCTCCTGCGCTGGAAGCAGCTCCAACATTGGGAATAATTATGTATCCTGGTACCAGCAGCTCCCAGGAACAGCCCCCAAACTCCTCATTTATGACAATAATAAGCGACCCTCAGGGATTCCTGACCGATTCTCTGGCTCCAAGTCTGGCACGTCAGCCACCCTGGGCATCACCGGACTCCAGACTGGGGACGAGGCCGATTATTACTGCGGAACATGGGATAGCAGCCTGAGTGCTGGGGTGTTCGGCGGAGGGACCAAGCTGACCGTCCTAG,IGL,F,T,T,F,TGCGGAACATGGGATAGCAGCCTGAGTGCTGGGGTGTTC
CGTWDSSLSAGVF,IGLV1-51*01,,"IGLJ2*01,IGLJ3*01",37,AAGGTCACCATCTCCTGCTCCGCAAGCAGCTCCAACATTGGGAATAATTATGTATCCTGGTACCAGCAGCTCCCAGGAACAGCCCCCAAACTCCTCATTTATGACAATAATAAGCGACCCTCAGGGATTCCTGACCGATTCTCTGGCTCCAAGTCTGGCACGTCAGCCACCCTGGGCATCACCGGACTCCAGACTGGGGACGAGGCCGATTATTACTGCGGAACATGGGATAGCAGCCTGAGTGCTGGGGTATTCGGCGGAGGGACCAAGCTGACCGTCCTAG,IGL,F,T,T,F,TGCGGAACATGGGATAGCAGCCTGAGTGCTGGGGTATTC
CGTWDSSLSAVVF,IGLV1-51*01,,IGLJ1*01,38,AAGGTCACCATCTCCTGCTCCGGAAGCAGCTCCAACATTGGGAATAATTATGTATCCTGGTACCAGCAGCTCCCAGGAACAGCCCCCAAACTCCTCATTTATGACAATAATAAGCGACCCTCAGGGATTCCTGACCGATTCTCTGGCTCCAAGTCTGGCACGTCAGCCACCCTGGGCATCACCGGACTCCAGACTGGGGACGAGGCCGATTATTACTGCGGAACATGGGATAGCAGCCTGAGTGCTGTCGTCTTCGGAACTGGGACCAAGGTCACCGTCCTAG,IGL,F,T,T,F,TGCGGAACATGGGATAGCAGCCTGAGTGCTGTCGTCTTC
CGTWDSSLSEEVF,IGLV1-51*01,,IGLJ3*02,39,AAGGTCACCATCTCCTGCTCTGGAAACAGCTCCAACATTGGGAATAATTATGTATCTTGGTACCAGCAGCTCCCAGGAACAGCCCCCAAACTCCTCATTTATGACAATAATAAGCGACCCTCAGGGATTCCTGACCGATTCTCTGGCTCCAAGTCTGGCACGTCAGCCACCCTGGGCATCACCGGACTCCAGACTGGGGACGGGGCCGATTATTACTGCGGAACATGGGATAGCAGCCTGAGTGAGGAAGTGTTCGGCGGAGGGACCAAGCTGACCGTCCTAG,IGL,F,T,T,F,TGCGGAACATGGGATAGCAGCCTGAGTGAGGAAGTGTTC
CGTWDSSLSAGVF,IGLV1-51*01,,IGLJ1*01,40,AAGGTCACCATCTCCTGCTCTGGAAACAGCTCCAACATTGGGAATAATTATGTCGCCTGGTACCAGCAGCTCCCAGGAACAGCCCCCAAACTCCTCATTTATGACAATAATAAGCGACCCTCAGGGATTCCTGACCGATTCTCTGGCTCCAAGTCTGGCATGTCAGCCACCCTGGGCATCACCGGACTCCAGACTGGGGACGAGGCCGATTATTACTGCGGAACATGGGATAGCAGCCTGAGTGCTGGGGTCTTCGGAACTGGGACCAAGGTCACCGTCCTAG,IGL,F,T,T,F,TGCGGAACATGGGATAGCAGCCTGAGTGCTGGGGTCTTC
CGTWDSSLSAGVF,IGLV1-51*01,,IGLJ1*01,41,AAGGTCACCATCTCCTGCTCTGGAAACAGCTCCAACATTGGGAATAATTATGTCGCCTGGTACCAGCAGCTCCCAGGAATAGCCCCCAAACTCCTCATTTATGACAATAATAAGCGACCCTCAGGGATTCCTGACCGATTCTCTGGCTCCAAGTCTGGCATGTCAGCCACCCTGGGCATCACCGGACTCCAGACTGGGGACGAGGCCGATTATTACTGCGGAACATGGGATAGCAGCCTGAGTGCTGGGGTCTTCGGAACTGGGACCAAGGTCACCGTCCTAG,IGL,F,T,T,F,TGCGGAACATGGGATAGCAGCCTGAGTGCTGGGGTCTTC
CGTWDSSLSDAVF,IGLV1-51*01,,IGLJ7*01,42,AAGGTCACCATCTCCTGCTCTGGAACCAACTCCAACATTGGAAATTATTATGTTTCCTGGTACCAGCAACTCCCAGGAACAGCCCCCAAACTCCTCATTTATCACAATCATAAGCGTCCCTCAGGGATTCCTGACCGATTCTCTGGCTCCAAGTCTGGCACGTCAGCCACTCTGGCCATCACCGGACTCCAGACTGGGGACGAGGCCGATTATTACTGCGGAACATGGGATAGCAGTTTGAGTGACGCTGTGTTCGGAGGAGGCACCCAGCTGACCGTCCTCG,IGL,F,T,T,F,TGCGGAACATGGGATAGCAGTTTGAGTGACGCTGTGTTC
CGTWDSGLSAGRLF,IGLV1-51*01,,IGLJ3*02,43,AAGGTCACCATCTCCTGCTCTGGAAGCAACTCCAACAGTGGGAATAATTATGTATCCTGGTACCAGCAGTTCCCAGGAACAGCCCCCAAGCTCCTCATTTATGACAATAATAAGCGACCCCCAGGGATTCCTGACCGATTCTCTGGCTCCAAGTCTGGCACGTCTGCCACCCTGGACATCACCGGACTGCAGACTGGGGACGAGGCCGATTATTACTGCGGAACGTGGGATAGCGGCCTGAGTGCTGGCCGGCTGTTCGGCGGAGGGACCAAGCTGACCGTCCTAA,IGL,F,T,T,F,TGCGGAACGTGGGATAGCGGCCTGAGTGCTGGCCGGCTGTTC
CATWDNSLSAWVF,IGLV1-51*01,,IGLJ3*02,44,AAGGTCACCATCTCCTGCTCTGGAAGCAACTCCAACATTGGAATTAATTATGTCTCCTGGTATCAGCACCTCCCAGGAGCAGCCCCCAAACTCCTCATTTACGACAATAATAGGGGACCCTCAGGAATTCCTGGCCGGTTCTCTGCCTCTAAGTCTGGCACGTCAGCCACCCTGGCCATCACCGGACTCCAGAATGGGGACGAGGCCGATTATTACTGCGCAACATGGGATAACAGCCTGAGTGCATGGGTGTTCGGCGGAGGGACCAGGCTGACCGTCCTAG,IGL,F,T,T,F,TGCGCAACATGGGATAACAGCCTGAGTGCATGGGTGTTC
CGTWDSSLSLWVF,IGLV1-51*01,,IGLJ3*02,45,AAGGTCACCATCTCCTGCTCTGGAAGCAGCTCCAACATCGGGAATAATTATGTATCCTGGTACCAGCAGCTCCCAGGAACAGCCCCCAAACTCCTCATTTATGACAATAATAAGCGACCCTCAGGGATTCCTGACCGATTCTCTGGCTCCAAGTCTGGCACGTCAGCCACCCTGGGCATCACCGGACTCCAGACTGGGGACGAGGCCGATTATTACTGCGGAACATGGGATAGCAGCCTGAGCCTTTGGGTGTTCGGCGGAGGGACCAAGCTGACCGTCCTAG,IGL,F,T,T,F,TGCGGAACATGGGATAGCAGCCTGAGCCTTTGGGTGTTC
CGTWDSSLSAGVF,IGLV1-51*01,,IGLJ3*02,46,AAGGTCACCATCTCCTGCTCTGGAAGCAGCTCCAACATTGCGAATAATTATGTATCCTGGTACCAGCAGCTCCCAGGAACAGCCCCCAAACTCCTCATTTATGACAATAATAAGCGACCCTCAGGGATTCCTGACCGATTCTCTGGCTCCAAGTCTGGCACGTCAGCCACCCTGGGCATCACCGGACTCCAGACTGGGGACGAGGCCGATTATTACTGCGGAACATGGGATAGCAGCCTGAGTGCTGGCGTGTTCGGCGGAGGGACCAAGCTGACCGTCCTAG,IGL,F,T,T,F,TGCGGAACATGGGATAGCAGCCTGAGTGCTGGCGTGTTC
CGAWDSTLSSWVF,IGLV1-51*01,,IGLJ3*02,47,AAGGTCACCATCTCCTGCTCTGGAAGCAGCTCCAACATTGGAAATAATTATGTTTCCTGGTACCAGCAACTCCCAGGAACAGCCCCCAAACTCCTCATTTATGACAATTATGAGCGACCCTCAGGGATTCCTGACCGATTCTCTGGCTCCAAGTCTGGCACGTCAGCCACCCTGGGCATCTCCGGACTCCAGACTGGGGACGAGGCCGATTATTACTGCGGAGCATGGGATAGCACCCTGAGTTCTTGGGTGTTCGGCGGAGGGACCAAGCTGACCGTCCTAG,IGL,F,T,T,F,TGCGGAGCATGGGATAGCACCCTGAGTTCTTGGGTGTTC
CGTWISGQCALGCS,IGLV1-51*01,,IGLJ3*02,48,AAGGTCACCATCTCCTGCTCTGGAAGCAGCTCCAACATTGGAAATAATTGTGTCTCCTGGTACCAGCAACTCCCAGGAACAGCCCCCAAACTCCTCATTTATGACAACAATAAGCGACCCTCAGGGATTCCTGACCGATTCTCTGGCTCCAAGTTTGGCACGTCAGCCACCCTGGGCATCACCGGACTCCAGACTGGGGACGAGGCCACTTATTACTGCGGAACATGGATTAGCGGCCAGTGTGCCCTTGGGTGTTCGGCGGCGGGACCAACCTGACCGTCCTAG,IGL,T,F,F,F,TGCGGAACATGGATTAGCGGCCAGTGTGCCCTTGGGTGTTC
CGTWDSSLSAVAF,IGLV1-51*01,,"IGLJ2*01,IGLJ3*01",49,AAGGTCACCATCTCCTGCTCTGGAAGCAGCTCCAACATTGGAAATAGTTATGTATCCTGGTACCAGCACCTCCCAGGAACAGCCCCCAAACTCCTCATTTATGACAATAATAAGCGACCCTCAGGGATTCCTGACCGATTCTCTGGCTCCAAGTCTGGCACGTCAGCCACCCTGGGCATCACCGGACTCCAGACTGGGGACGAGGCCGATTATTACTGCGGAACATGGGATAGCAGCCTGAGTGCTGTGGCATTCGGCGGAGGGACCAAGCTGATCGTCCTAG,IGL,F,T,T,F,TGCGGAACATGGGATAGCAGCCTGAGTGCTGTGGCATTC
CGTWDSGLSAGPWVF,IGLV1-51*01,,IGLJ3*02,50,AAGGTCACCATCTCCTGCTCTGGAAGCAGCTCCAACATTGGCAACAATTATGTTTCCTGGTACCAGCAACTCTCAGGAACAGCCCCCAAACTCCTCATTTATGACAATGATAAGCGACCCTCAGGGATTCCTGACCGATTCTCTGGCTCCAAGTCTGGCACGTCAGCCACCCTGGGCATCACCGGACTCCAGACTGGGGACGAGGCCGATTATTACTGCGGAACATGGGATAGCGGCCTGAGTGCTGGTCCTTGGGTGTTCGGCGGAGGGACCAAGCTGACCGTCCTAA,IGL,F,T,T,F,TGCGGAACATGGGATAGCGGCCTGAGTGCTGGTCCTTGGGTGTTC
CGTWDSSLSAYVF,IGLV1-51*01,,IGLJ1*01,51,AAGGTCACCATCTCCTGCTCTGGAAGCAGCTCCAACATTGGGAAAAATTATGTATCCTGGTACCAGCAGCTCCCAGGAACAGCCCCCAAACTCCTCATTTATGACAATAATAAGCGACCCTCAGGGATTCCTGACCGATTCTCTGGCTCCAAGTCTGGCACGTCAGCCACCCTGGGCATCACCGGACTCCAGACTGGGGACGAGGCCGATTATTACTGCGGAACATGGGATAGCAGCCTGAGTGCTTATGTCTTCGGAACTGGGACCAAGGTCACCGTCCTAG,IGL,F,T,T,F,TGCGGAACATGGGATAGCAGCCTGAGTGCTTATGTCTTC
CGTWDSSLGGHYVF,IGLV1-51*01,,IGLJ1*01,52,AAGGTCACCATCTCCTGCTCTGGAAGCAGCTCCAACATTGGGAACAATTATGTATCCTGGTACCAGCAGCTCCCAGGAACAGCCCCCAAACTCCTCATTTATGACAATAATAAGCGACCCTCAGGGATTCCTGACCGATTCTCTGGCTCCAAGTCTGGCACGTCAGCCACCCTGGGCATCACCGGACTCCAGACTGGGGACGAGGCCGATTATTACTGCGGAACATGGGATAGCAGCCTGGGTGGTCATTATGTGTTCGGAATTGGGACCAAGGTCACCGTCCTAG,IGL,F,T,T,F,TGCGGAACATGGGATAGCAGCCTGGGTGGTCATTATGTGTTC
CGTWDSSLSAGVF,IGLV1-51*01,,IGLJ3*02,53,AAGGTCACCATCTCCTGCTCTGGAAGCAGCTCCAACATTGGGAATAAGTATGTATCCTGGTACCAGCAGCTCCCAGGAACAGCCCCCAAACTCCTCATTTATGACAATAATAGGCGACCCTCAGGGATTCCTGACCGATTCTCTGGCTCCAAGTCTGGCACGTCAGCCACCCTGGGCATCACCGGACTCCAGACTGGGGACGAGGCCGATTATTACTGCGGAACATGGGATAGCAGCCTGAGTGCTGGGGTGTTCGGCGGAGGGACCAAGCTGACCGTCCTAG,IGL,F,T,T,F,TGCGGAACATGGGATAGCAGCCTGAGTGCTGGGGTGTTC
CGTWDSSLSAHWVF,IGLV1-51*01,,IGLJ3*02,54,AAGGTCACCATCTCCTGCTCTGGAAGCAGCTCCAACATTGGGAATAATTATATATCCTGGTACCAGCAGCTCCCAGGAACAGCCCCCAAACTCCTCATTTATGACAATAATAAGCGACCCTCAGGGATTCCTGACCGATTCTCTGGCTCCAAGTCTGGCACGTCAGCCACCCTGGGCATCACCGGACTCCAGACTGGGGACGAGGCCGATTATTACTGCGGAACATGGGATAGCAGCCTGAGTGCCCATTGGGTGTTCGGCGGAGGGACCAAGCTGACCGTCCTAG,IGL,F,T,T,F,TGCGGAACATGGGATAGCAGCCTGAGTGCCCATTGGGTGTTC
CGTWDSSHNYVF,IGLV1-51*01,,IGLJ1*01,55,AAGGTCACCATCTCCTGCTCTGGAAGCAGCTCCAACATTGGGAATAATTATATATCCTGGTACCAGCAGCTCCCAGGAACAGCCCCCAAAGTCCTCATTTATGACAATAATAAGCGACCCTCAGGGATTCCTGACCGATTCTCTGGCTCCAAGTCTGGCACGTCAGCCACCCTGGGCATCACCGGACTCCAGACTGGGGACGAGGCCGATTATTACTGCGGAACATGGGATAGCAGTCATAATTATGTCTTCGGAAGTGGGACCAAGGTCACCGTCCTAG,IGL,F,T,T,F,TGCGGAACATGGGATAGCAGTCATAATTATGTCTTC
CGTWDSSLSAGVF,IGLV1-51*01,,IGLJ3*02,56,AAGGTCACCATCTCCTGCTCTGGAAGCAGCTCCAACATTGGGAATAATTATGCATCCTGGTACCAGCAGCTCCCAGGAACAGCCCCCAAACTCCTCATTTATGACAATAATAAGCGACCCTCAGGGATTCCTGACCGATTCTCTGGCTCCAAGTCTGGCACGTCAGCCACCCTGGGCATCACCGGACTCCAGACTGGGGACGAGGCCGATTATTACTGCGGAACATGGGACAGCAGCCTGAGTGCTGGAGTGTTCGGCGGAGGGACCAAGCTGACCGTCCTAG,IGL,F,T,T,F,TGCGGAACATGGGACAGCAGCCTGAGTGCTGGAGTGTTC
CGTWDSSLSAAVF,IGLV1-51*01,,IGLJ7*01,57,AAGGTCACCATCTCCTGCTCTGGAAGCAGCTCCAACATTGGGAATAATTATGCATCCTGGTACCAGCAGCTCCCAGGAACAGCCCCCAAACTCCTCATTTATGACAATAATAAGCGACCCTCAGGGATTCCTGACCGATTCTCTGGCTCCAAGTCTGGCACGTCAGCCACCCTGGGCATCACCGGACTCCAGACTGGGGACGAGGCCGATTATTACTGCGGAACATGGGATAGCAGCCTGAGTGCTGCTGTGTTCGGAGGAGGCACCCAGCTGGCCGTCCTCG,IGL,F,T,T,F,TGCGGAACATGGGATAGCAGCCTGAGTGCTGCTGTGTTC
CGTWDSSLSVRVF,IGLV1-51*01,,IGLJ3*02,58,AAGGTCACCATCTCCTGCTCTGGAAGCAGCTCCAACATTGGGAATAATTATGTATCCTGGTACCAGCAACTCCCAGGAACAGCCCCCAAACTCCTCATTTATGACAATAATAAGCGACCCTCAGGGATTCCTGACCGATTCTCTGGCTCCAAGTCTGGCACGTCAGCCACCCTGGGCATCACCGGACTCCAGACTGGGGACGAGGCCGATTATTACTGCGGAACATGGGATAGCAGCCTGAGTGTTCGGGTGTTCGGCGGAGGGACCAAGCTGACCGTCCTAG,IGL,F,T,T,F,TGCGGAACATGGGATAGCAGCCTGAGTGTTCGGGTGTTC
CGTWDSSLSAGGWVF,IGLV1-51*01,,IGLJ3*02,59,AAGGTCACCATCTCCTGCTCTGGAAGCAGCTCCAACATTGGGAATAATTATGTATCCTGGTACCAGCAACTCCCAGGAACAGCCCCCAGACTCCTCATTTATGACAATAATCAGCGACCCTCAGGGATTCCTGACCGATTCTCTGGCTCCAAGTCTGGCACGTCAGCCACCCTGGGCATCACCGGACTCCAGACTGGGGACGAGGCCGATTATTACTGCGGAACATGGGATAGCAGCCTGAGTGCTGGAGGGTGGGTGTTCGGCGGCGGGACCAAGCTGACCGTCCTAG,IGL,F,T,T,F,TGCGGAACATGGGATAGCAGCCTGAGTGCTGGAGGGTGGGTGTTC
CGTWDSSLSAGVF,IGLV1-51*01,,IGLJ3*02,60,AAGGTCACCATCTCCTGCTCTGGAAGCAGCTCCAACATTGGGAATAATTATGTATCCTGGTACCAGCAGCCCCCAGGAACAGCCCCCAAACTCCTCATTTATGACAATAATAAGCGACCCTCAGGGATTCCTGACCGATTCTCTGGCTCCAAGTCTGGCACGTCAGCCACCCTGGGCATCACCGGACTCCAGACTGGGGACGAGGCCGATTATTACTGCGGAACATGGGATAGCAGCCTGAGTGCTGGGGTGTTCGGCGGAGGGACCAAGCTGACCGTCCTAG,IGL,F,T,T,F,TGCGGAACATGGGATAGCAGCCTGAGTGCTGGGGTGTTC
CGTWDSSLSAGVF,IGLV1-51*01,,IGLJ3*02,61,AAGGTCACCATCTCCTGCTCTGGAAGCAGCTCCAACATTGGGAATAATTATGTATCCTGGTACCAGCAGCTCCCAGGAACAACCCCCAAACTCCTCATTTATGACAATAATAAGCGACCCTCAGGGATTCCCGACCGATTCTCTGGCTCCAAGTCTGGCACGTCAGCCACCCTGGGCATCACCGGACTCCAGACTGGGGACGAGGCCGATTATTACTGCGGAACATGGGATAGCAGCCTGAGTGCTGGGGTGTTCGGCGGAGGGACCAAGCTGACCGTCCTAG,IGL,F,T,T,F,TGCGGAACATGGGATAGCAGCCTGAGTGCTGGGGTGTTC
CGTWDSSLSAGVF,IGLV1-51*01,,IGLJ3*02,62,AAGGTCACCATCTCCTGCTCTGGAAGCAGCTCCAACATTGGGAATAATTATGTATCCTGGTACCAGCAGCTCCCAGGAACAGCCCCCAAACTCCCCATTTATGACAATAATAAGCGACCCTCAGGGATTCCTGACCGATTCTCTGGCTCCAAGTCTGGCACGTCAGCCACCCCGGGCATCACCGGACTCCAGACTGGGGACGAGGCCGATTATTACTGCGGAACATGGGATAGCAGCCTGAGTGCTGGGGTGTTCGGCGGAGGGACCAAGCTGACCGTCCTAG,IGL,F,T,T,F,TGCGGAACATGGGATAGCAGCCTGAGTGCTGGGGTGTTC
RAAWDDSLNGPVWVF,"IGLV1-44*01,IGLV1-47*02",,IGLJ3*02,63,AAGGTCACCATCTCCTGCTCTGGAAGCAGCTCCAACATTGGGAATAATTATGTATCCTGGTACCAGCAGCTCCCAGGAACAGCCCCCAAACTCCTCATCTATAGTAATAATCAGCGGCCCTCAGGGGTCCCTGACCGATTCTCTGGCTCCAAGTCTGGCACCTCAGCCTCCCTGGCCATCAGTGGGCTCCAGTCTGAGGATGAGGCTGATTATTACCGTGCAGCATGGGATGACAGCCTGAATGGTCCGGTTTGGGTGTTCGGCGGAGGGACCAAGCTGACCGTCCTAG,IGL,F,T,T,F,CGTGCAGCATGGGATGACAGCCTGAATGGTCCGGTTTGGGTGTTC
CGTWDSSLSAWVF,"IGLV1-51*01,IGLV1-51*02",,IGLJ3*02,64,AAGGTCACCATCTCCTGCTCTGGAAGCAGCTCCAACATTGGGAATAATTATGTATCCTGGTACCAGCAGCTCCCAGGAACAGCCCCCAAACTCCTCATCTATGACAATAATAAGCGACCCTCAGGGATTCCTGACCGATTCTCTGGCTCCAAGTCTGGCACGTCAGCCACCCTGGGCATCACCGGACTCCAGACTGGGGACGAGGCCGATTATTACTGCGGAACATGGGATAGCAGCCTGAGTGCTTGGGTGTTCGGCGGAGGGACCAAGCTGACCGTCCTAG,IGL,F,T,T,F,TGCGGAACATGGGATAGCAGCCTGAGTGCTTGGGTGTTC
CGTWDSSLSAGVF,IGLV1-51*01,,IGLJ3*02,65,AAGGTCACCATCTCCTGCTCTGGAAGCAGCTCCAACATTGGGAATAATTATGTATCCTGGTACCAGCAGCTCCCAGGAACAGCCCCCAAACTCCTCATTTATGACAACAATAAGCGACCCTCAGGGATTCCTGACCGATTCTCTGGCTCCAAGTCTGGCACGTCAGCCACCCTGGGCATCACCGGACTCCAGACTGGGGACGAGGCCGATTATTACTGCGGAACATGGGATAGCAGCCTGAGTGCTGGGGTGTTCGGCGGAGGGACCAAGCTGACCGTCCTAG,IGL,F,T,T,F,TGCGGAACATGGGATAGCAGCCTGAGTGCTGGGGTGTTC
CGTWDSSLSAVVF,IGLV1-51*01,,"IGLJ2*01,IGLJ3*01",66,AAGGTCACCATCTCCTGCTCTGGAAGCAGCTCCAACATTGGGAATAATTATGTATCCTGGTACCAGCAGCTCCCAGGAACAGCCCCCAAACTCCTCATTTATGACAATAATAAGCGACCCTCAGGCATTCCTGACCGATTCTCTGGCTCCAAGTCTGGCACGTCAGCCACCCTGGGCATCACCGGACTCCAGACTGGGGACGAGGCCGATTATTACTGCGGAACATGGGATAGCAGCCTGAGTGCTGTGGTCTTCGGCGGAGGGACCAAGCTAACCGTCCTAG,IGL,F,T,T,F,TGCGGAACATGGGATAGCAGCCTGAGTGCTGTGGTCTTC
CGTWDSSLSAWVF,IGLV1-51*01,,IGLJ3*02,67,AAGGTCACCATCTCCTGCTCTGGAAGCAGCTCCAACATTGGGAATAATTATGTATCCTGGTACCAGCAGCTCCCAGGAACAGCCCCCAAACTCCTCATTTATGACAATAATAAGCGACCCTCAGGGACTCCTGACCGATTCTCTGGCTCCAAGTCTGGCACGTCAGCCACCCTGGGCATCACCGGACTCCAGACTGGGGACGAGGCCGATTATTACTGCGGAACATGGGATAGCAGCCTGAGTGCTTGGGTGTTCGGCGGAGGGACCAAGCTGACCGTCCTAG,IGL,F,T,T,F,TGCGGAACATGGGATAGCAGCCTGAGTGCTTGGGTGTTC
CGTWDSSLSAVVF,IGLV1-51*01,,"IGLJ2*01,IGLJ3*01",68,AAGGTCACCATCTCCTGCTCTGGAAGCAGCTCCAACATTGGGAATAATTATGTATCCTGGTACCAGCAGCTCCCAGGAACAGCCCCCAAACTCCTCATTTATGACAATAATAAGCGACCCTCAGGGATTCCTGACCGATTCTCCGGCTCCAAGTCTGGCACGTCAGCCACCCTGGGCATCACCGGACTCCAGACTGGGGACGAGGCCGATTATTACTGCGGAACATGGGATAGCAGCCTGAGTGCTGTGGTATTCGGCGGAGGGACCAAGCTGACCGTCCTAG,IGL,F,T,T,F,TGCGGAACATGGGATAGCAGCCTGAGTGCTGTGGTATTC
CGTWDSSLSAVVF,IGLV1-51*01,,"IGLJ2*01,IGLJ3*01",69,AAGGTCACCATCTCCTGCTCTGGAAGCAGCTCCAACATTGGGAATAATTATGTATCCTGGTACCAGCAGCTCCCAGGAACAGCCCCCAAACTCCTCATTTATGACAATAATAAGCGACCCTCAGGGATTCCTGACCGATTCTCTAGCTCCAAGTCTGGCACGTCAGCCACCCTGGGCATCACCGGACTCCAGACTGGGGACGAGGCCGATTATTACTGCGGAACATGGGATAGCAGCCTGAGTGCTGTGGTATTCGGCGGAGGGACCAAGCTGACCGTCCTAG,IGL,F,T,T,F,TGCGGAACATGGGATAGCAGCCTGAGTGCTGTGGTATTC
CGTWDSSLSVHVVF,IGLV1-51*01,,"IGLJ2*01,IGLJ3*01",70,AAGGTCACCATCTCCTGCTCTGGAAGCAGCTCCAACATTGGGAATAATTATGTATCCTGGTACCAGCAGCTCCCAGGAACAGCCCCCAAACTCCTCATTTATGACAATAATAAGCGACCCTCAGGGATTCCTGACCGATTCTCTGGCTCCAAGTCTGGCACGCCAGCCACCCTGGGCATCACCGGACTCCAGACTGGGGACGAGGCCGATTATTACTGCGGAACATGGGATAGCAGCCTGAGTGTCCATGTGGTATTCGGCGGAGGGACCAAGCTGACCGTCCTAG,IGL,F,T,T,F,TGCGGAACATGGGATAGCAGCCTGAGTGTCCATGTGGTATTC
CGTWDSSLSAYVF,IGLV1-51*01,,IGLJ1*01,71,AAGGTCACCATCTCCTGCTCTGGAAGCAGCTCCAACATTGGGAATAATTATGTATCCTGGTACCAGCAGCTCCCAGGAACAGCCCCCAAACTCCTCATTTATGACAATAATAAGCGACCCTCAGGGATTCCTGACCGATTCTCTGGCTCCAAGTCTGGCACGTCAACCACCCTGGGCATCACCGGACTCCAGACTGGGGACGAGGCCGATTATTACTGTGGAACATGGGATAGCAGCCTGAGTGCTTATGTCTTCGGAACTGGGACCAAGGTCACCGTCCTAG,IGL,F,T,T,F,TGTGGAACATGGGATAGCAGCCTGAGTGCTTATGTCTTC
CGTWDSSLSVWVF,IGLV1-51*01,,IGLJ3*02,72,AAGGTCACCATCTCCTGCTCTGGAAGCAGCTCCAACATTGGGAATAATTATGTATCCTGGTACCAGCAGCTCCCAGGAACAGCCCCCAAACTCCTCATTTATGACAATAATAAGCGACCCTCAGGGATTCCTGACCGATTCTCTGGCTCCAAGTCTGGCACGTCAGCCACCCTAGGCATCACCGGACTCCAGACTGGGGACGAGGCCGATTATTACTGCGGAACATGGGATAGCAGCCTGAGTGTTTGGGTGTTCGGCGGAGGGACCAAGCTGACCGTCCTAG,IGL,F,T,T,F,TGCGGAACATGGGATAGCAGCCTGAGTGTTTGGGTGTTC
CGTWDSSLSAVVF,IGLV1-51*01,,"IGLJ2*01,IGLJ3*01",73,AAGGTCACCATCTCCTGCTCTGGAAGCAGCTCCAACATTGGGAATAATTATGTATCCTGGTACCAGCAGCTCCCAGGAACAGCCCCCAAACTCCTCATTTATGACAATAATAAGCGACCCTCAGGGATTCCTGACCGATTCTCTGGCTCCAAGTCTGGCACGTCAGCCACCCTGGGCATCACCGGACTCCAGACCGGGGACGAGGCCGATTATTACTGCGGAACATGGGATAGCAGCCTGAGTGCTGTGGTATTCGGCGGAGGGACCAAGCTGACCGTCCTAG,IGL,F,T,T,F,TGCGGAACATGGGATAGCAGCCTGAGTGCTGTGGTATTC
CGTWDSSLSAFWVF,IGLV1-51*01,,IGLJ3*02,74,AAGGTCACCATCTCCTGCTCTGGAAGCAGCTCCAACATTGGGAATAATTATGTATCCTGGTACCAGCAGCTCCCAGGAACAGCCCCCAAACTCCTCATTTATGACAATAATAAGCGACCCTCAGGGATTCCTGACCGATTCTCTGGCTCCAAGTCTGGCACGTCAGCCACCCTGGGCATCACCGGACTCCAGACTGGGGACGAGGCCGACTATTACTGCGGAACATGGGATAGCAGCCTGAGTGCTTTTTGGGTGTTCGGCGGAGGGACCAAGCTGACCGTCCTAG,IGL,F,T,T,F,TGCGGAACATGGGATAGCAGCCTGAGTGCTTTTTGGGTGTTC
CGTWDSSLSGRVF,IGLV1-51*01,,IGLJ1*01,75,AAGGTCACCATCTCCTGCTCTGGAAGCAGCTCCAACATTGGGAATAATTATGTATCCTGGTACCAGCAGCTCCCAGGAACAGCCCCCAAACTCCTCATTTATGACAATAATAAGCGACCCTCAGGGATTCCTGACCGATTCTCTGGCTCCAAGTCTGGCACGTCAGCCACCCTGGGCATCACCGGACTCCAGACTGGGGACGAGGCCGATTACTACTGCGGAACATGGGATAGCAGCCTGAGTGGGCGGGTCTTCGGAACTGGGACCAAGGTCACCGTCCTAG,IGL,F,T,T,F,TGCGGAACATGGGATAGCAGCCTGAGTGGGCGGGTCTTC
CGTWDSSLSTGVF,IGLV1-51*01,,IGLJ3*02,76,AAGGTCACCATCTCCTGCTCTGGAAGCAGCTCCAACATTGGGAATAATTATGTATCCTGGTACCAGCAGCTCCCAGGAACAGCCCCCAAACTCCTCATTTATGACAATAATAAGCGACCCTCAGGGATTCCTGACCGATTCTCTGGCTCCAAGTCTGGCACGTCAGCCACCCTGGGCATCACCGGACTCCAGACTGGGGACGAGGCCGATTATTACTGCGGAACATGGGATAGCAGCCTGAGTACTGGAGTGTTCGGCGGAGGGACCAAGCTGACCGTCCTAG,IGL,F,T,T,F,TGCGGAACATGGGATAGCAGCCTGAGTACTGGAGTGTTC
CGTWDSSLSPYS,IGLV1-51*01,,"IGLJ2*01,IGLJ3*01",77,AAGGTCACCATCTCCTGCTCTGGAAGCAGCTCCAACATTGGGAATAATTATGTATCCTGGTACCAGCAGCTCCCAGGAACAGCCCCCAAACTCCTCATTTATGACAATAATAAGCGACCCTCAGGGATTCCTGACCGATTCTCTGGCTCCAAGTCTGGCACGTCAGCCACCCTGGGCATCACCGGACTCCAGACTGGGGACGAGGCCGATTATTACTGCGGAACATGGGATAGCAGCCTGAGTCCTTATTCGGCGGAGGGACCAAGCTGACCGTCCTAG,IGL,T,F,F,F,TGCGGAACATGGGATAGCAGCCTGAGTCCTTATTC
CGTWDSSLSRCGI,IGLV1-51*01,,"IGLJ2*01,IGLJ3*01",78,AAGGTCACCATCTCCTGCTCTGGAAGCAGCTCCAACATTGGGAATAATTATGTATCCTGGTACCAGCAGCTCCCAGGAACAGCCCCCAAACTCCTCATTTATGACAATAATAAGCGACCCTCAGGGATTCCTGACCGATTCTCTGGCTCCAAGTCTGGCACGTCAGCCACCCTGGGCATCACCGGACTCCAGACTGGGGACGAGGCCGATTATTACTGCGGAACATGGGATAGCAGCCTGAGTCGCTGTGGTATTCGGCGGAGGGACCAAGCTGACCGTCCTAG,IGL,F,F,F,F,TGCGGAACATGGGATAGCAGCCTGAGTCGCTGTGGTATTC
CGTWDSSLSLWVF,IGLV1-51*01,,IGLJ3*02,79,AAGGTCACCATCTCCTGCTCTGGAAGCAGCTCCAACATTGGGAATAATTATGTATCCTGGTACCAGCAGCTCCCAGGAACAGCCCCCAAACTCCTCATTTATGACAATAATAAGCGACCCTCAGGGATTCCTGACCGATTCTCTGGCTCCAAGTCTGGCACGTCAGCCACCCTGGGCATCACCGGACTCCAGACTGGGGACGAGGCCGATTATTACTGCGGAACATGGGATAGCAGCCTGAGTCTTTGGGTGTTCGGCGGAGGGACCAAGCTGACCGTCCTAG,IGL,F,T,T,F,TGCGGAACATGGGATAGCAGCCTGAGTCTTTGGGTGTTC
CGTWDSSLSARVF,IGLV1-51*01,,IGLJ3*02,80,AAGGTCACCATCTCCTGCTCTGGAAGCAGCTCCAACATTGGGAATAATTATGTATCCTGGTACCAGCAGCTCCCAGGAACAGCCCCCAAACTCCTCATTTATGACAATAATAAGCGACCCTCAGGGATTCCTGACCGATTCTCTGGCTCCAAGTCTGGCACGTCAGCCACCCTGGGCATCACCGGACTCCAGACTGGGGACGAGGCCGATTATTACTGCGGAACATGGGATAGCAGCCTGAGTGCCCGGGTGTTCGGCGGAGGGACCAAGCTGACCGTCCTAG,IGL,F,T,T,F,TGCGGAACATGGGATAGCAGCCTGAGTGCCCGGGTGTTC
CGTWDSSLSARVF,IGLV1-51*01,,IGLJ3*02,81,AAGGTCACCATCTCCTGCTCTGGAAGCAGCTCCAACATTGGGAATAATTATGTATCCTGGTACCAGCAGCTCCCAGGAACAGCCCCCAAACTCCTCATTTATGACAATAATAAGCGACCCTCAGGGATTCCTGACCGATTCTCTGGCTCCAAGTCTGGCACGTCAGCCACCCTGGGCATCACCGGACTCCAGACTGGGGACGAGGCCGATTATTACTGCGGAACATGGGATAGCAGCCTGAGTGCCCGGGTGTTCGGCGGAGGGACCAAGCTGATCGTCCTAG,IGL,F,T,T,F,TGCGGAACATGGGATAGCAGCCTGAGTGCCCGGGTGTTC
CGTWDSSLSAVVF,IGLV1-51*01,,"IGLJ2*01,IGLJ3*01",82,AAGGTCACCATCTCCTGCTCTGGAAGCAGCTCCAACATTGGGAATAATTATGTATCCTGGTACCAGCAGCTCCCAGGAACAGCCCCCAAACTCCTCATTTATGACAATAATAAGCGACCCTCAGGGATTCCTGACCGATTCTCTGGCTCCAAGTCTGGCACGTCAGCCACCCTGGGCATCACCGGACTCCAGACTGGGGACGAGGCCGATTATTACTGCGGAACATGGGATAGCAGCCTGAGTGCCGTGGTATTCGGCGGAGGGACCAAGCTGACCGTCCTAG,IGL,F,T,T,F,TGCGGAACATGGGATAGCAGCCTGAGTGCCGTGGTATTC
CGTWDSSLSASVF,IGLV1-51*01,,IGLJ3*02,83,AAGGTCACCATCTCCTGCTCTGGAAGCAGCTCCAACATTGGGAATAATTATGTATCCTGGTACCAGCAGCTCCCAGGAACAGCCCCCAAACTCCTCATTTATGACAATAATAAGCGACCCTCAGGGATTCCTGACCGATTCTCTGGCTCCAAGTCTGGCACGTCAGCCACCCTGGGCATCACCGGACTCCAGACTGGGGACGAGGCCGATTATTACTGCGGAACATGGGATAGCAGCCTGAGTGCCTCGGTGTTCGGCGGAGGGACCAAGCTGACCGTCCTAG,IGL,F,T,T,F,TGCGGAACATGGGATAGCAGCCTGAGTGCCTCGGTGTTC
CGTWDSSLSAWVF,IGLV1-51*01,,IGLJ3*02,84,AAGGTCACCATCTCCTGCTCTGGAAGCAGCTCCAACATTGGGAATAATTATGTATCCTGGTACCAGCAGCTCCCAGGAACAGCCCCCAAACTCCTCATTTATGACAATAATAAGCGACCCTCAGGGATTCCTGACCGATTCTCTGGCTCCAAGTCTGGCACGTCAGCCACCCTGGGCATCACCGGACTCCAGACTGGGGACGAGGCCGATTATTACTGCGGAACATGGGATAGCAGCCTGAGTGCCTGGGTGTTCGGCGGAGGGACCAAGCTGACCGTCCTAG,IGL,F,T,T,F,TGCGGAACATGGGATAGCAGCCTGAGTGCCTGGGTGTTC
CGTWDSSLSAWVF,IGLV1-51*01,,IGLJ3*02,85,AAGGTCACCATCTCCTGCTCTGGAAGCAGCTCCAACATTGGGAATAATTATGTATCCTGGTACCAGCAGCTCCCAGGAACAGCCCCCAAACTCCTCATTTATGACAATAATAAGCGACCCTCAGGGATTCCTGACCGATTCTCTGGCTCCAAGTCTGGCACGTCAGCCACCCTGGGCATCACCGGACTCCAGACTGGGGACGAGGCCGATTATTACTGCGGAACATGGGATAGCAGCCTGAGTGCCTGGGTGTTCGGCGGAGGGACCAGCTGACCGTCCTAGG,IGL,T,T,F,F,TGCGGAACATGGGATAGCAGCCTGAGTGCCTGGGTGTTC
CGTWDSSLSACGI,IGLV1-51*01,,"IGLJ2*01,IGLJ3*01",86,AAGGTCACCATCTCCTGCTCTGGAAGCAGCTCCAACATTGGGAATAATTATGTATCCTGGTACCAGCAGCTCCCAGGAACAGCCCCCAAACTCCTCATTTATGACAATAATAAGCGACCCTCAGGGATTCCTGACCGATTCTCTGGCTCCAAGTCTGGCACGTCAGCCACCCTGGGCATCACCGGACTCCAGACTGGGGACGAGGCCGATTATTACTGCGGAACATGGGATAGCAGCCTGAGTGCCTGTGGTATTCGGCGGAGGGACCAAGCTGACCGTCCTAG,IGL,F,F,F,F,TGCGGAACATGGGATAGCAGCCTGAGTGCCTGTGGTATTC
CGTWDSSLSAFWVF,IGLV1-51*01,,IGLJ3*02,87,AAGGTCACCATCTCCTGCTCTGGAAGCAGCTCCAACATTGGGAATAATTATGTATCCTGGTACCAGCAGCTCCCAGGAACAGCCCCCAAACTCCTCATTTATGACAATAATAAGCGACCCTCAGGGATTCCTGACCGATTCTCTGGCTCCAAGTCTGGCACGTCAGCCACCCTGGGCATCACCGGACTCCAGACTGGGGACGAGGCCGATTATTACTGCGGAACATGGGATAGCAGCCTGAGTGCCTTTTGGGTGTTCGGCGGAGGGACCAAGCTGACCGTCCTAG,IGL,F,T,T,F,TGCGGAACATGGGATAGCAGCCTGAGTGCCTTTTGGGTGTTC
CGTWDSSLSAGVF,IGLV1-51*01,,IGLJ3*02,88,AAGGTCACCATCTCCTGCTCTGGAAGCAGCTCCAACATTGGGAATAATTATGTATCCTGGTACCAGCAGCTCCCAGGAACAGCCCCCAAACTCCTCATTTATGACAATAATAAGCGACCCTCAGGGATTCCTGACCGATTCTCTGGCTCCAAGTCTGGCACGTCAGCCACCCTGGGCATCACCGGACTCCAGACTGGGGACGAGGCCGATTATTACTGCGGAACATGGGATAGCAGCCTGAGTGCGGGGGTGTTCGGCGGAGGGACCAAGCTGACCGTCCTAG,IGL,F,T,T,F,TGCGGAACATGGGATAGCAGCCTGAGTGCGGGGGTGTTC
